{
  "hash": "f27b552a",
  "configHash": "17b62e31",
  "lockfileHash": "d232162c",
  "browserHash": "d69d41d8",
  "optimized": {
    "@angular/common/http": {
      "src": "../../../../../node_modules/@angular/common/fesm2022/http.mjs",
      "file": "@angular_common_http.js",
      "fileHash": "a3f9a3e8",
      "needsInterop": false
    },
    "@angular/core": {
      "src": "../../../../../node_modules/@angular/core/fesm2022/core.mjs",
      "file": "@angular_core.js",
      "fileHash": "a98716e3",
      "needsInterop": false
    },
    "@angular/forms": {
      "src": "../../../../../node_modules/@angular/forms/fesm2022/forms.mjs",
      "file": "@angular_forms.js",
      "fileHash": "4d84188a",
      "needsInterop": false
    },
    "@angular/platform-browser": {
      "src": "../../../../../node_modules/@angular/platform-browser/fesm2022/platform-browser.mjs",
      "file": "@angular_platform-browser.js",
      "fileHash": "50a5508e",
      "needsInterop": false
    },
    "@angular/router": {
      "src": "../../../../../node_modules/@angular/router/fesm2022/router.mjs",
      "file": "@angular_router.js",
      "fileHash": "b66414fe",
      "needsInterop": false
    },
    "@angular/common": {
      "src": "../../../../../node_modules/@angular/common/fesm2022/common.mjs",
      "file": "@angular_common.js",
      "fileHash": "ed884581",
      "needsInterop": false
    }
  },
  "chunks": {
    "chunk-I63TZRSD": {
      "file": "chunk-I63TZRSD.js"
    },
    "chunk-GFEVLJK6": {
      "file": "chunk-GFEVLJK6.js"
    },
    "chunk-SJQNNIAA": {
      "file": "chunk-SJQNNIAA.js"
    },
    "chunk-RBFO6OI2": {
      "file": "chunk-RBFO6OI2.js"
    }
  }
}